Booking_ID,booking_status
INN04969,0.0032297478
INN34541,0.19402452
INN36109,0.14163104
INN01554,0.7467795
INN24975,0.2009631
INN27080,0.2495062
INN29146,0.45980918
INN05926,0.4816135
INN17356,0.3184222
INN25284,0.41575825
INN28043,0.0706186
INN00264,0.85020864
INN36020,0.090078965
INN05558,0.41938657
INN07365,0.5359008
INN35759,0.5631354
INN24606,0.23474866
INN14613,0.104189865
INN00927,0.7231304
INN03156,0.0035483541
INN18684,0.15963809
INN24976,0.13668357
INN02773,0.028294742
INN09126,0.37909034
INN23806,0.2942793
INN05911,0.4866867
INN10744,0.23365204
INN18155,0.005182802
INN01732,0.166888
INN28020,0.030747663
INN11177,0.007505745
INN24767,0.26346108
INN24168,0.34492862
INN17657,0.17550011
INN19937,0.38429797
INN10005,0.20970348
INN19470,0.0652156
INN03227,0.5971006
INN20723,0.64640087
INN32020,0.032355685
INN04254,0.1863643
INN06188,0.16050294
INN19814,0.25981587
INN26451,0.33544147
INN07030,0.01580873
INN34873,0.536293
INN27817,0.22585984
INN32177,0.40858907
INN05866,0.4943675
INN12355,0.20049113
INN27652,0.107319444
INN27153,0.14784108
INN35279,0.66942066
INN16005,0.257606
INN12990,0.26505545
INN24073,0.03263167
INN33637,0.30063477
INN13485,0.28064853
INN16436,0.38252833
INN34987,0.4932848
INN14263,0.10151166
INN35353,0.1867812
INN00269,0.11075369
INN32425,0.28312767
INN27275,0.18540433
INN35034,0.27494794
INN34452,0.2501084
INN35113,0.12802622
INN34588,0.14845642
INN07616,0.48506722
INN26088,0.43264538
INN09286,0.77825665
INN32284,0.17613944
INN13788,0.20684429
INN03704,0.21879287
INN21855,0.045078453
INN16700,0.8901924
INN30579,0.15802234
INN07578,0.5251238
INN05758,0.13263156
INN31672,0.20676969
INN00084,0.48949185
INN15712,0.63047546
INN21926,0.24996352
INN22391,0.14815895
INN34753,0.096373245
INN10927,0.124844894
INN07802,0.093306065
INN06082,0.7675392
INN05187,0.3642984
INN10952,0.49382073
INN16320,0.3329506
INN18055,0.41271096
INN02266,0.24947022
INN33046,0.33671075
INN33753,0.54564893
INN35475,0.61200565
INN14908,0.7861517
INN35795,0.11084483
INN35668,0.4210781
INN19700,0.6290638
INN35228,0.36797085
INN12325,0.00815587
INN13499,0.0052899406
INN22534,0.71903914
INN31212,0.15040657
INN33520,0.37848374
INN15795,0.09901433
INN12712,0.6029955
INN07104,0.6407929
INN27400,0.2671165
INN31525,0.2881376
INN18168,0.04487606
INN23731,0.7572492
INN13833,0.8178713
INN28228,0.18507652
INN24517,0.20195466
INN15483,0.4767936
INN20700,0.5495009
INN02650,0.6488026
INN13261,0.071327455
INN30788,0.2225597
INN15499,0.16351178
INN02562,0.37618202
INN29761,0.21889526
INN35910,0.2832067
INN15337,0.4731123
INN00071,0.62516296
INN10545,0.2341065
INN16346,0.036466982
INN08566,0.5429057
INN12010,0.27819878
INN24714,0.04557978
INN04916,0.769517
INN30066,0.91627306
INN29665,0.14596084
INN31774,0.31766135
INN13827,0.09568793
INN00466,0.71989775
INN16884,0.71626097
INN06217,0.023600059
INN18504,0.29034257
INN05180,0.43957332
INN08039,0.4268877
INN00313,0.014080158
INN04700,0.07722688
INN16731,0.19500186
INN06066,0.20406593
INN05573,0.8678047
INN11238,0.64605516
INN14218,0.15185566
INN26488,0.49769762
INN26079,0.23088165
INN35612,0.5868796
INN31168,0.66942066
INN13144,0.26740727
INN02792,0.1293276
INN34087,0.37742782
INN29578,0.59917766
INN23190,0.13517444
INN01158,0.0136356875
INN02555,0.53313196
INN21625,0.2781136
INN28268,0.38105962
INN21241,0.22809671
INN19859,0.03334593
INN01683,0.6085404
INN09949,0.48942795
INN09808,0.8256506
INN29709,0.7136246
INN03894,0.40871885
INN05839,0.8582132
INN03029,0.1402659
INN18224,0.3706614
INN03980,0.5524075
INN13731,0.4576003
INN22867,0.64605516
INN20326,0.1968783
INN02970,0.19589595
INN11661,0.020767061
INN26818,0.52422756
INN26174,0.030800998
INN14495,0.0064155553
INN35656,0.30597714
INN29208,0.70152986
INN06268,0.39975348
INN10870,0.20049113
INN15640,0.09132386
INN34774,0.0012145275
INN17039,0.2153404
INN24361,0.3746338
INN11077,0.21917982
INN30989,0.5691186
INN16314,0.1317478
INN16829,0.49116385
INN28490,0.055302802
INN08181,0.40344083
INN12627,0.18660092
INN10390,0.38719034
INN07340,0.71989775
INN23221,0.07427006
INN24006,0.10151166
INN06869,0.5314615
INN29356,0.16493455
INN23147,0.23278454
INN14364,0.13059853
INN31585,0.62600577
INN20551,0.2729184
INN13609,0.10099375
INN00274,0.07836112
INN33001,0.30316538
INN09998,0.38856754
INN10313,0.345018
INN29439,0.8508662
INN00472,0.045896392
INN21407,0.18263361
INN08669,0.37034404
INN29849,0.08200211
INN29382,0.026294895
INN34473,0.50973463
INN26219,0.5524075
INN05708,0.4841352
INN13039,0.08369271
INN09593,0.09734483
INN32723,0.2098071
INN25064,0.098378815
INN25451,0.8503284
INN16358,0.1282586
INN31235,0.2468465
INN30234,0.08310661
INN08364,0.51365495
INN25291,0.038704053
INN14285,0.20495291
INN33508,0.44002783
INN31027,0.25661084
INN22513,0.02119574
INN01427,0.27462974
INN25173,0.16022213
INN07410,0.32299036
INN08944,0.24294941
INN07450,0.0036996454
INN23336,0.4479275
INN00429,0.23424631
INN09737,0.049083985
INN12081,0.015992682
INN27086,0.26891974
INN01913,0.65386593
INN05219,0.3208454
INN00726,0.123312555
INN20387,0.17398411
INN08691,0.5408713
INN28625,0.11749727
INN33466,0.66786015
INN04309,0.7467795
INN28105,0.48121879
INN25383,0.030725358
INN26142,0.43912977
INN32384,0.49123523
INN18556,0.345018
INN02901,0.79895806
INN02030,0.24110891
INN29069,0.97766906
INN34358,0.31214902
INN22532,0.334429
INN01428,0.5568055
INN23630,0.15594573
INN28975,0.4444887
INN15484,0.65730107
INN17992,0.40432
INN27024,0.046833355
INN17475,0.058293138
INN06283,0.6605157
INN28067,0.41668645
INN09999,0.6283164
INN10649,0.9103551
INN28239,0.5069182
INN21378,0.2055954
INN25490,0.41229835
INN21472,0.29814184
INN30471,0.27915582
INN33507,0.29745752
INN26297,0.15302646
INN03057,0.14110233
INN26999,0.74347544
INN31615,0.46205217
INN12250,0.43822986
INN18579,0.29783708
INN25639,0.55621
INN33957,0.40234467
INN03841,0.15106554
INN21145,0.25673378
INN11569,0.2950824
INN21762,0.5283424
INN18427,0.21653046
INN04141,0.7217327
INN01762,0.67777145
INN00097,0.7935054
INN24870,0.193869
INN34008,0.043195326
INN33511,0.00096574856
INN30618,0.07847953
INN34749,0.019648835
INN33193,0.0073195803
INN25873,0.43651173
INN26663,0.34765616
INN21579,0.09894333
INN31014,0.12166435
INN02944,0.26490873
INN06915,0.5078632
INN11989,0.46093172
INN19058,0.0784197
INN05987,0.7847143
INN35018,0.4723135
INN35079,0.19544615
INN13596,0.44201925
INN33039,0.009244762
INN19855,0.009741448
INN22127,0.22003654
INN26548,0.011394234
INN16027,0.17277387
INN20533,0.7086996
INN07050,0.51254237
INN22715,0.27749303
INN26494,0.43232813
INN18435,0.10640335
INN13643,0.9396262
INN23491,0.652556
INN15926,0.36883947
INN35698,0.74317205
INN21014,0.48090518
INN02983,0.4286004
INN13721,0.46443716
INN01454,0.2038349
INN24636,0.0031117941
INN06966,0.0033955488
INN35306,0.15629193
INN20882,0.07437119
INN07987,0.50404376
INN00145,0.2352198
INN18380,0.17468831
INN34025,0.03987696
INN21248,0.62010413
INN26468,0.18207386
INN08547,0.85145926
INN17682,0.2892094
INN08929,0.12352994
INN23874,0.02569577
INN21076,0.6603212
INN29400,0.3814072
INN00960,0.38359323
INN08249,0.3639039
INN24581,0.13291663
INN25235,0.2623103
INN35757,0.73653847
INN35577,0.1016098
INN02993,0.14866504
INN27420,0.5032913
INN14978,0.37426955
INN22762,0.022328174
INN09572,0.68885034
INN22462,0.27969182
INN02533,0.25894296
INN25943,0.35991722
INN12789,0.26170942
INN06316,0.0056004315
INN28108,0.38899958
INN04306,0.0068879216
INN36237,0.1274353
INN27675,0.18207386
INN00076,0.35737386
INN22139,0.93377876
INN04741,0.53344464
INN35923,0.3878817
INN01662,0.17196423
INN31249,0.47066775
INN23946,0.013322622
INN18405,0.19872403
INN13453,0.24726476
INN21212,0.3480673
INN30649,0.66942066
INN05116,0.20705667
INN26874,0.14307663
INN28050,0.03755822
INN27594,0.25596786
INN23752,0.36792606
INN20918,0.19683817
INN28613,0.25358462
INN35510,0.22618768
INN02112,0.6449684
INN01537,0.24556723
INN02358,0.30359292
INN14016,0.79375887
INN05227,0.1851862
INN09086,0.00146724
INN34978,0.78249866
INN08853,0.20843619
INN35860,0.076873876
INN02497,0.6629492
INN29432,0.6386181
INN05628,0.28348663
INN34779,0.40292412
INN12561,0.67142856
INN10497,0.0032287058
INN08493,0.45208445
INN20388,0.3165956
INN28654,0.17867164
INN01708,0.022798996
INN35672,0.7603543
INN15833,0.20548138
INN33082,0.381933
INN36063,0.48334807
INN20785,0.4624097
INN12054,0.1855554
INN26012,0.16293648
INN01497,0.21541329
INN14434,0.46187901
INN25310,0.6029955
INN31899,0.17177114
INN26696,0.41147253
INN22146,0.0259934
INN12580,0.30851826
INN22939,0.23198523
INN23537,0.1553808
INN16430,0.34676352
INN27703,0.62227666
INN09734,0.017776618
INN08441,0.8941343
INN24127,0.27777612
INN29469,0.6478654
INN02800,0.046866138
INN12234,0.28064853
INN28359,0.07771762
INN25866,0.22889122
INN16049,0.15546265
INN16502,0.14544827
INN22007,0.5799091
INN03663,0.17569903
INN10672,0.20563701
INN13105,0.47612375
INN03706,0.47868717
INN31228,0.56444037
INN16543,0.043382727
INN18124,0.10936375
INN30539,0.21482845
INN18195,0.32349598
INN18487,0.3427958
INN25081,0.612226
INN00844,0.26909342
INN07666,0.22571282
INN18984,0.61200565
INN32087,0.5422444
INN23680,0.022141416
INN10647,0.15442604
INN35165,0.29034257
INN22401,0.20598829
INN15485,0.18660866
INN18567,0.7291321
INN33031,0.09229061
INN35516,0.22893058
INN31543,0.0066583892
INN21090,0.064960375
INN24791,0.45608637
INN09285,0.48998293
INN33248,0.11360979
INN14116,0.177115
INN24441,0.14588335
INN11766,0.48998293
INN35823,0.20495291
INN16042,0.5011243
INN32338,0.54813385
INN20496,0.12054683
INN34280,0.4210781
INN24242,0.2892094
INN04946,0.08882663
INN34486,0.29526272
INN21056,0.36039403
INN17985,0.7467795
INN01289,0.028294742
INN14496,0.106833585
INN04742,0.27587777
INN27547,0.10151166
INN22134,0.69189113
INN28198,0.3626482
INN20893,0.3746338
INN24869,0.23889862
INN27807,0.068988
INN25027,0.082843795
INN13227,0.18847215
INN17129,0.7554852
INN33590,0.0062621087
INN32244,0.29399526
INN11655,0.22630146
INN13824,0.380322
INN15759,0.67581034
INN13131,0.15746118
INN06563,0.358302
INN05374,0.24052066
INN12182,0.5174028
INN17838,0.193869
INN34336,0.44178736
INN34780,0.53647554
INN23598,0.2083181
INN18181,0.47556317
INN12587,0.35832077
INN18886,0.35055995
INN00062,0.32305887
INN35615,0.30036876
INN21809,0.772546
INN08224,0.4586752
INN09528,0.17800014
INN20474,0.05923327
INN28172,0.79305977
INN34703,0.8077388
INN24872,0.77495635
INN09939,0.4422202
INN13910,0.49659467
INN14857,0.8281101
INN06934,0.23178108
INN33502,0.12936236
INN00880,0.086669296
INN11263,0.3016798
INN21909,0.56217474
INN20959,0.6368401
INN31851,0.30340934
INN13723,0.07952772
INN00843,0.06415803
INN21987,0.14272483
INN21717,0.28584254
INN07577,0.23132063
INN15268,0.19908085
INN23080,0.19641984
INN20500,0.49591273
INN15396,0.37830323
INN16318,0.22618768
INN14160,0.75910586
INN22538,0.64345205
INN35673,0.20253353
INN29672,0.10250999
INN33224,0.39122745
INN20269,0.17824453
INN06189,0.30553946
INN05087,0.2969844
INN19899,0.24998939
INN03917,0.11718536
INN20497,0.43232813
INN21332,0.24518149
INN07496,0.15353703
INN00912,0.009244762
INN16676,0.75057244
INN11000,0.58859694
INN13316,0.1998654
INN23539,0.6722086
INN35760,0.026342496
INN35115,0.3852726
INN26569,0.024481464
INN32385,0.121196374
INN20213,0.4371559
INN31726,0.393728
INN26567,0.35177103
INN20353,0.43460912
INN22808,0.612226
INN02056,0.031631522
INN01671,0.0012847491
INN01046,0.014068045
INN20265,0.11935949
INN17434,0.025706798
INN02343,0.6509029
INN29826,0.46925652
INN04450,0.14128576
INN01711,0.06471038
INN20713,0.096579865
INN01435,0.5522296
INN17093,0.063639544
INN19233,0.11640818
INN12794,0.44494313
INN24471,0.04223151
INN17551,0.43523437
INN22802,0.6081031
INN15469,0.16045296
INN13368,0.73626405
INN12224,0.040004376
INN36060,0.0566485
INN22145,0.15286481
INN20577,0.19337204
INN27018,0.27528545
INN32694,0.29863283
INN09578,0.36817208
INN33547,0.20513052
INN35524,0.53501296
INN25805,0.7986656
INN23211,0.24991402
INN20483,0.5174767
INN34924,0.14139897
INN13099,0.16425852
INN04642,0.16474481
INN30780,0.20298451
INN01333,0.52183706
INN16598,0.62473214
INN26576,0.17444092
INN05690,0.757375
INN35745,0.3793583
INN11538,0.23453936
INN02542,0.345018
INN07347,0.7188457
INN30283,0.09794988
INN26743,0.054283157
INN24253,0.6065769
INN03549,0.110208906
INN33709,0.24824043
INN03001,0.5522296
INN05153,0.24543317
INN32804,0.051995263
INN26046,0.39828134
INN09930,0.04705666
INN34498,0.35800606
INN13534,0.56558794
INN32788,0.07681278
INN10275,0.008042845
INN01589,0.3275471
INN13431,0.01348101
INN14682,0.013336156
INN30024,0.36527365
INN28220,0.1768266
INN03569,0.33544147
INN34317,0.0908228
INN36136,0.4302432
INN31449,0.741204
INN26572,0.40728515
INN14979,0.058105543
INN16038,0.23711137
INN09724,0.28156418
INN14632,0.5069182
INN32902,0.09408209
INN33944,0.2605038
INN16473,0.037091292
INN12894,0.13703011
INN07871,0.7136246
INN26370,0.09848365
INN15429,0.34723777
INN29695,0.18768547
INN07730,0.4182084
INN20967,0.56217474
INN12167,0.36739048
INN14935,0.10982158
INN28393,0.43261558
INN32532,0.38429797
INN27721,0.15048619
INN01044,0.034349382
INN02214,0.41004786
INN14559,0.3252645
INN15861,0.335791
INN13469,0.101295404
INN30703,0.46348113
INN14871,0.006085163
INN18238,0.52566296
INN02831,0.007416127
INN00005,0.4465509
INN27320,0.40137902
INN11686,0.036513448
INN11477,0.7185645
INN32675,0.23026249
INN12903,0.7325896
INN25043,0.7470396
INN12285,0.07440944
INN19037,0.25480705
INN03387,0.07143724
INN24586,0.5003341
INN00648,0.4426135
INN12755,0.78989995
INN06225,0.667049
INN13565,0.4421845
INN10995,0.71989775
INN27411,0.2909355
INN06149,0.5191441
INN26862,0.1235509
INN32602,0.0059242444
INN25687,0.17217073
INN03106,0.014901821
INN07271,0.32642427
INN03821,0.022703394
INN19091,0.31959727
INN21536,0.18989779
INN28612,0.5522296
INN26157,0.1851862
INN33086,0.43651173
INN26261,0.16124019
INN20034,0.48973283
INN09303,0.3929586
INN20572,0.07225465
INN29844,0.14282899
INN22132,0.5661747
INN30805,0.43261558
INN21744,0.7960168
INN25598,0.47113565
INN32885,0.46394253
INN17302,0.16215163
INN31635,0.2519702
INN17665,0.80789787
INN32095,0.42299515
INN14056,0.526932
INN31957,0.56217474
INN28070,0.10251183
INN12833,0.3937816
INN28104,0.43265563
INN22110,0.07231965
INN35077,0.3003012
INN21817,0.27494794
INN23139,0.14348482
INN30986,0.69721574
INN34508,0.15656653
INN03579,0.06419857
INN22637,0.49047056
INN33947,0.24965785
INN10147,0.5292803
INN28106,0.21776845
INN29373,0.10657328
INN14919,0.3089031
INN09779,0.03455987
INN19411,0.16033661
INN10802,0.0032012828
INN15189,0.41297066
INN09431,0.122138426
INN14783,0.051082738
INN02297,0.9660808
INN15057,0.05694511
INN17582,0.020327244
INN26551,0.8488006
INN01189,0.16098215
INN20730,0.22511384
INN34027,0.33459473
INN02465,0.4151636
INN13760,0.73689383
INN27410,0.74287856
INN19084,0.06372525
INN17606,0.23593685
INN06848,0.12865393
INN07823,0.52611023
INN29308,0.013908211
INN24674,0.08413481
INN11571,0.2096887
INN10124,0.42750764
INN04266,0.22759685
INN16580,0.5971006
INN35583,0.0478806
INN21209,0.5020014
INN25774,0.12896098
INN18026,0.0077846856
INN22905,0.7960168
INN03161,0.014851576
INN36021,0.13358235
INN00609,0.11036455
INN07535,0.35446814
INN00929,0.7311993
INN11001,0.16081828
INN02278,0.10234881
INN01347,0.71626097
INN07647,0.72715884
INN06861,0.29112214
INN21031,0.39697704
INN12783,0.025135376
INN18964,0.006296251
INN20154,0.3308486
INN21860,0.26958814
INN14823,0.31113455
INN21659,0.2084219
INN11041,0.24796402
INN33890,0.13650647
INN05343,0.043198645
INN04422,0.080417946
INN10469,0.5332426
INN10091,0.18604451
INN11675,0.42150378
INN27159,0.20378882
INN28149,0.035761993
INN04856,0.28732103
INN19721,0.0045705982
INN27345,0.1863975
INN07328,0.09888823
INN06165,0.22030725
INN32975,0.21752577
INN13868,0.0055339285
INN06495,0.04635202
INN25591,0.21487589
INN03105,0.14600456
INN27764,0.23766755
INN33087,0.016013693
INN18680,0.75102586
INN22037,0.3877768
INN03350,0.5786213
INN01484,0.35991877
INN31062,0.98227894
INN03793,0.07383174
INN05741,0.22096144
INN07760,0.28984368
INN12597,0.6359935
INN14626,0.013412439
INN05534,0.84957117
INN31295,0.07623275
INN15666,0.15111178
INN01399,0.22535768
INN19121,0.39698473
INN08575,0.50950927
INN13888,0.26517278
INN16029,0.06033944
INN03915,0.0734381
INN01759,0.52095246
INN11190,0.14790265
INN30930,0.1820957
INN10633,0.17362122
INN11830,0.079816386
INN31859,0.010621749
INN08726,0.061236966
INN08356,0.66466224
INN15269,0.23124573
INN32713,0.53815776
INN21514,0.20311703
INN08286,0.5275485
INN01794,0.39638358
INN29226,0.2098071
INN06232,0.20519367
INN12910,0.37555015
INN03212,0.09094988
INN33806,0.29783612
INN04731,0.24602494
INN16249,0.122139424
INN21735,0.3386768
INN10889,0.07256551
INN15160,0.3950587
INN26360,0.38117582
INN28342,0.5401188
INN30011,0.09946742
INN08921,0.6634597
INN26772,0.67408985
INN07725,0.014761768
INN01417,0.06988586
INN34306,0.38341352
INN07095,0.18604451
INN33289,0.04016486
INN33717,0.2793598
INN09173,0.48998293
INN05461,0.5991559
INN13846,0.12496502
INN03634,0.117170356
INN18737,0.8119145
INN17282,0.70881927
INN23708,0.49591273
INN22796,0.0461733
INN28599,0.5737386
INN19033,0.101758316
INN33974,0.5493266
INN19392,0.23516035
INN25166,0.7267825
INN36149,0.13594241
INN27332,0.25248644
INN04161,0.036712814
INN18666,0.7847143
INN11794,0.25670248
INN30938,0.53385496
INN29569,0.68985313
INN01254,0.2844957
INN00312,0.31472552
INN27364,0.7325896
INN11779,0.58557886
INN31181,0.7027595
INN06435,0.10648637
INN24897,0.12892605
INN25382,0.08190829
INN32333,0.33514127
INN12540,0.42884058
INN13784,0.48501566
INN34042,0.56217474
INN14472,0.39254308
INN08980,0.5512256
INN07595,0.5306287
INN31229,0.5014711
INN30194,0.64605516
INN17572,0.37782505
INN22518,0.26558805
INN13915,0.03083327
INN27096,0.46453467
INN07500,0.46838224
INN21463,0.3892306
INN18862,0.34123108
INN06044,0.71141857
INN04153,0.26107267
INN14565,0.051134814
INN12084,0.14318578
INN06253,0.7308395
INN06525,0.38806194
INN20078,0.27042755
INN15413,0.6997603
INN26751,0.4125574
INN26664,0.3536562
INN29697,0.027642118
INN27787,0.41184747
INN35537,0.49569133
INN20271,0.08475314
INN15212,0.2991904
INN17708,0.64605516
INN17092,0.34080288
INN30049,0.45591372
INN23687,0.82695425
INN25208,0.8480754
INN11083,0.6605521
INN23578,0.63065386
INN21648,0.7325896
INN15354,0.28331903
INN20302,0.124844894
INN14687,0.23645516
INN01772,0.3811975
INN18645,0.30383527
INN16471,0.5125616
INN22503,0.37034404
INN06897,0.16386625
INN01488,0.37708843
INN00968,0.26130095
INN21604,0.006473535
INN09565,0.37087286
INN11809,0.34561077
INN12851,0.43232813
INN11752,0.394696
INN22811,0.2715683
INN11828,0.23505192
INN25434,0.016569478
INN01830,0.55652344
INN32493,0.22104867
INN21528,0.28891242
INN27401,0.37717167
INN16663,0.43261558
INN31078,0.042520136
INN15794,0.29424688
INN09041,0.09609946
INN00014,0.05178616
INN00994,0.7136547
INN33300,0.29544732
INN23086,0.30553496
INN01053,0.26969895
INN25665,0.39058664
INN22213,0.030608773
INN04772,0.8017906
INN01292,0.37909034
INN01787,0.002264643
INN28443,0.13085724
INN20527,0.4286004
INN12201,0.008996424
INN11734,0.7060836
INN15896,0.24296613
INN06046,0.5574639
INN31727,0.26909342
INN10280,0.48090518
INN30182,0.059585888
INN07581,0.06372525
INN08526,0.5076731
INN17076,0.49418223
INN26619,0.32235706
INN33459,0.029120611
INN00711,0.7640599
INN10573,0.3866998
INN06530,0.73121923
INN24522,0.041257557
INN33391,0.7764832
INN30899,0.26472205
INN04904,0.52754885
INN11975,0.037209984
INN13244,0.37830877
INN15835,0.068239205
INN06536,0.36286348
INN28936,0.024063472
INN27895,0.21161525
INN13925,0.7440901
INN10414,0.4365625
INN08241,0.64605516
INN22131,0.48506722
INN08257,0.15480253
INN08179,0.16345961
INN30079,0.044594973
INN19609,0.2768126
INN04204,0.32773796
INN06182,0.0833385
INN05158,0.6916457
INN18868,0.34843686
INN32129,0.018895332
INN24929,0.6494724
INN20278,0.045832135
INN02309,0.20427209
INN27958,0.64264846
INN18482,0.33033422
INN09705,0.17345066
INN35408,0.009376269
INN25211,0.31029966
INN08867,0.45910114
INN07092,0.5522296
INN03129,0.68391645
INN23103,0.988765
INN34453,0.25419012
INN17996,0.23230958
INN19550,0.32843173
INN32198,0.030151991
INN23331,0.1993673
INN11964,0.37417075
INN32429,0.09151085
INN06613,0.06653986
INN29369,0.82667357
INN33177,0.34000078
INN21451,0.13443662
INN24232,0.5283424
INN29257,0.499325
INN33125,0.0061588353
INN30008,0.25008944
INN01577,0.6320805
INN14804,0.062394723
INN19894,0.36880368
INN25826,0.14389175
INN20993,0.4426135
INN26481,0.008723672
INN06205,0.07299158
INN24839,0.38096422
INN19265,0.2908575
INN25357,0.27734998
INN32059,0.41762143
INN24449,0.734732
INN06754,0.33426902
INN12661,0.667049
INN30339,0.0800472
INN34182,0.25326127
INN28913,0.3274259
INN16675,0.1402751
INN30771,0.73533475
INN22569,0.054297063
INN17910,0.7825523
INN28805,0.02578672
INN19610,0.80465555
INN21380,0.106674
INN07396,0.5742736
INN22330,0.61401993
INN04919,0.18392263
INN24343,0.36668044
INN09384,0.15837243
INN16384,0.11640818
INN34628,0.30369622
INN29233,0.17822526
INN33456,0.49031517
INN27047,0.20604041
INN29459,0.15233132
INN09050,0.41994438
INN05190,0.29377875
INN27189,0.0068625
INN05326,0.023170877
INN11283,0.2916752
INN15781,0.46576053
INN22683,0.022632401
INN18205,0.006093336
INN20681,0.4171656
INN25047,0.9221166
INN23218,0.46205217
INN31436,0.3166133
INN23857,0.054391246
INN27337,0.15313844
INN22461,0.24932644
INN30544,0.034001913
INN20508,0.38438642
INN32547,0.16345961
INN12369,0.53526056
INN16786,0.23508196
INN28394,0.40052155
INN33558,0.5069182
INN17441,0.17219545
INN15467,0.2837863
INN21487,0.39188826
INN00201,0.53072476
INN05125,0.63465244
INN30297,0.40813437
INN35669,0.23731957
INN19689,0.2805292
INN17522,0.10871492
INN36190,0.6722086
INN00397,0.37089854
INN29780,0.81580675
INN13174,0.009968726
INN22510,0.63490546
INN13530,0.045040905
INN29445,0.70723706
INN25576,0.05923327
INN20569,0.103940904
INN18506,0.6384993
INN13303,0.42541006
INN07801,0.08415025
INN13313,0.37782505
INN28086,0.5084203
INN35033,0.042585265
INN13794,0.0104397
INN04640,0.101309754
INN09038,0.052835245
INN02446,0.7323288
INN09799,0.30664226
INN02744,0.35208762
INN34846,0.38913333
INN20175,0.17505975
INN30620,0.20184152
INN13706,0.2374269
INN00370,0.77201056
INN19826,0.05306235
INN31429,0.093324885
INN14281,0.8399308
INN15321,0.29969817
INN20356,0.1451327
INN11223,0.2868093
INN28350,0.75144446
INN36076,0.043501735
INN10748,0.27065063
INN19671,0.44345418
INN04293,0.018318722
INN36045,0.3929586
INN18866,0.13819505
INN18419,0.40344083
INN33617,0.13866918
INN14805,0.23701705
INN33916,0.12474464
INN29752,0.6194621
INN01576,0.014900743
INN31272,0.44420496
INN15986,0.16920027
INN22353,0.00892159
INN20745,0.4844614
INN10960,0.31864735
INN25148,0.22408535
INN00897,0.008736906
INN18235,0.48090518
INN12366,0.5283424
INN23551,0.09007472
INN35039,0.39461285
INN22231,0.118044734
INN13798,0.8193702
INN00698,0.07762025
INN13340,0.01016911
INN11181,0.12208455
INN31128,0.744626
INN32795,0.4302432
INN25780,0.24122566
INN19228,0.6449684
INN26489,0.4422202
INN03101,0.33915105
INN29307,0.23859102
INN31317,0.35464036
INN32501,0.33957586
INN01349,0.4999099
INN30360,0.50331426
INN31053,0.27082977
INN19833,0.3672908
INN11715,0.005707996
INN31307,0.17284039
INN34080,0.25077245
INN25076,0.610759
INN27754,0.27879238
INN28222,0.5103991
INN05771,0.22244492
INN12086,0.20607837
INN11855,0.19510294
INN18153,0.2618434
INN22559,0.40669578
INN03733,0.48186603
INN29881,0.5305364
INN36151,0.6028114
INN30887,0.44002783
INN35274,0.27252293
INN30693,0.121037394
INN19647,0.5554131
INN29723,0.6713808
INN25329,0.9008385
INN34566,0.52408385
INN31178,0.026540594
INN08569,0.18684117
INN03699,0.43777767
INN02593,0.18935205
INN28954,0.18246916
INN35980,0.052961856
INN26914,0.22618768
INN06096,0.2098071
INN00481,0.35769847
INN28207,0.71127415
INN14447,0.81147397
INN02858,0.1863975
INN13239,0.15328164
INN34502,0.0023308764
INN20205,0.008610849
INN08841,0.043340545
INN15273,0.4844614
INN12860,0.39975348
INN30041,0.0073252055
INN33654,0.265147
INN02044,0.5928662
INN28276,0.014572715
INN35826,0.48434278
INN03287,0.28326082
INN03827,0.37099606
INN05027,0.34479097
INN06748,0.046271652
INN07776,0.015389391
INN32164,0.15102707
INN08478,0.14187118
INN08613,0.022901554
INN28548,0.34561077
INN02956,0.18997999
INN29839,0.7971581
INN31989,0.3232802
INN14178,0.5046291
INN17914,0.12550877
INN32650,0.30886176
INN07110,0.795619
INN06269,0.12082596
INN06866,0.027131971
INN16182,0.030608773
INN14911,0.16441068
INN03804,0.4765948
INN26544,0.068796456
INN07242,0.242537
INN01808,0.75733846
INN13625,0.75981164
INN31355,0.42934132
INN02208,0.612226
INN16046,0.019325918
INN09898,0.057646994
INN06907,0.5850751
INN06664,0.29734766
INN01279,0.19783626
INN17056,0.65825665
INN05293,0.43318015
INN27348,0.26423636
INN09745,0.6824472
INN01877,0.62516296
INN06880,0.5020014
INN17939,0.76252043
INN16097,0.13063073
INN11473,0.24257754
INN25909,0.8432222
INN08038,0.0029641208
INN10824,0.041728087
INN11770,0.11625872
INN03064,0.13081302
INN11036,0.62516296
INN22993,0.20630354
INN35598,0.36663765
INN33101,0.6108432
INN23160,0.716042
INN26122,0.7948625
INN26209,0.48460302
INN36260,0.068585254
INN31561,0.2002737
INN06419,0.29842666
INN01271,0.22759685
INN34294,0.29227242
INN26646,0.76015645
INN01091,0.20311703
INN15903,0.04635202
INN18471,0.20780428
INN14119,0.45533818
INN01865,0.66449744
INN27934,0.48093572
INN05750,0.036378507
INN19115,0.2541128
INN05733,0.7653712
INN24293,0.6382665
INN09117,0.411851
INN36212,0.0626664
INN19608,0.061774418
INN06015,0.13318856
INN17437,0.8539059
INN03068,0.011066523
INN14219,0.77173096
INN30069,0.31442815
INN00087,0.3240077
INN18876,0.68042374
INN18998,0.70069194
INN05611,0.59159493
INN03726,0.41563088
INN28970,0.071751766
INN05706,0.37599114
INN07546,0.46453467
INN29366,0.5991559
INN35250,0.18791126
INN22606,0.46196032
INN02880,0.20136797
INN03452,0.16345961
INN08815,0.85145926
INN04220,0.19914845
INN13149,0.15534054
INN25804,0.05374365
INN07213,0.07601127
INN31443,0.33431262
INN00280,0.18602152
INN25871,0.64605516
INN22812,0.12298999
INN07306,0.35809293
INN30960,0.22900863
INN21965,0.44697288
INN03357,0.24299863
INN29731,0.18956758
INN04449,0.19351426
INN08022,0.40871122
INN30254,0.5125866
INN06207,0.40365905
INN01733,0.13063878
INN35954,0.37599114
INN34967,0.014963319
INN02981,0.36286348
INN27793,0.0064672055
INN21486,0.7467795
INN24888,0.590093
INN15482,0.2259582
INN02305,0.6774075
INN20805,0.18908152
INN22183,0.026476147
INN25101,0.28276125
INN32028,0.39620775
INN35222,0.70649993
INN12670,0.07760071
INN16939,0.031499248
INN16187,0.25988442
INN03220,0.62227666
INN16918,0.2421397
INN00619,0.24902958
INN26665,0.13426425
INN32778,0.20492908
INN21441,0.056358214
INN03654,0.66076815
INN09862,0.28342164
INN20968,0.42930704
INN07758,0.49110612
INN08275,0.017450618
INN34899,0.34083867
INN00252,0.014291912
INN03194,0.117063485
INN25634,0.08343758
INN12378,0.4809741
INN03777,0.15161867
INN35293,0.66786015
INN11509,0.0038651938
INN15686,0.14005707
INN18460,0.018782955
INN04083,0.10640335
INN12189,0.31214902
INN04470,0.09901433
INN02953,0.1825761
INN26233,0.23160787
INN28565,0.2418093
INN34192,0.21270937
INN03781,0.53828263
INN09193,0.18630755
INN29001,0.14869457
INN21983,0.022141416
INN22129,0.07231965
INN23319,0.62516296
INN23497,0.2881376
INN01228,0.0065437364
INN32590,0.2422684
INN06627,0.72022223
INN18465,0.3665785
INN35129,0.23766755
INN31825,0.5661747
INN00735,0.19683817
INN06420,0.45561537
INN16090,0.38405704
INN09332,0.002712068
INN04572,0.13182592
INN16275,0.17444092
INN21229,0.071964614
INN08591,0.035110753
INN10595,0.4353783
INN35670,0.4627313
INN23451,0.71626097
INN03620,0.25240514
INN36055,0.22720897
INN19280,0.43335536
INN03054,0.19518326
INN23209,0.5615147
INN23766,0.08383386
INN32992,0.39256814
INN35468,0.36114538
INN00832,0.73520243
INN15193,0.84059715
INN35401,0.50247014
INN29297,0.061220333
INN16368,0.32299036
INN26324,0.031206824
INN28323,0.30507994
INN10360,0.13936506
INN14077,0.2881376
INN11496,0.28965306
INN36177,0.22639616
INN23694,0.7978244
INN09153,0.18228328
INN21356,0.4058388
INN06395,0.28156382
INN05012,0.47756463
INN28990,0.4610774
INN12904,0.1546199
INN31486,0.5588891
INN26345,0.15286481
INN20550,0.7092717
INN02868,0.39398187
INN33741,0.6764715
INN06947,0.009244762
INN23620,0.64160067
INN22460,0.45304447
INN12601,0.9252351
INN08238,0.2301608
INN35839,0.74748343
INN28392,0.00892159
INN19730,0.1950011
INN01183,0.118044734
INN27699,0.73533475
INN20538,0.6407833
INN00218,0.27430233
INN30316,0.2939538
INN18017,0.45732978
INN02035,0.93647045
INN06736,0.411851
INN11294,0.03911834
INN28660,0.49484083
INN25900,0.36263162
INN02238,0.81037766
INN15287,0.10736488
INN25654,0.23951392
INN30602,0.7325896
INN11646,0.0772822
INN00944,0.08578295
INN22063,0.43187976
INN03426,0.36509353
INN30800,0.1720995
INN28202,0.33785856
INN33606,0.24156702
INN17637,0.5032913
INN29879,0.042588055
INN25263,0.2649423
INN19843,0.42364222
INN28963,0.42470166
INN32869,0.38307413
INN08148,0.3556485
INN05663,0.08735375
INN24538,0.0733287
INN07561,0.6047874
INN08147,0.47172934
INN27518,0.11911166
INN34572,0.1513347
INN30629,0.26537362
INN27860,0.040726893
INN19380,0.014004508
INN35840,0.667049
INN14161,0.15839265
INN01797,0.21416081
INN11547,0.53355056
INN01617,0.6489784
INN08518,0.7325896
INN08221,0.1100948
INN25723,0.45819637
INN13333,0.4571596
INN04811,0.44906837
INN22770,0.37099606
INN25656,0.28162086
INN15169,0.058595404
INN08556,0.83543694
INN08505,0.3321339
INN08294,0.27082977
INN22013,0.2954717
INN34888,0.16235021
INN20297,0.33957586
INN12053,0.20008098
INN17984,0.09008844
INN23405,0.2752296
INN14302,0.006824966
INN31286,0.39282733
INN31745,0.18361115
INN33014,0.1956531
INN29558,0.07119398
INN02134,0.17812335
INN19768,0.14364219
INN21503,0.037092786
INN22662,0.182034
INN13374,0.33003396
INN22056,0.36032525
INN20443,0.7134165
INN11276,0.39254308
INN13951,0.079490446
INN04852,0.080804236
INN29466,0.19518326
INN09352,0.061153516
INN22088,0.44073102
INN01403,0.32721072
INN06294,0.030751599
INN32512,0.09730065
INN18553,0.44180545
INN28265,0.50842303
INN20169,0.49690846
INN29680,0.44525993
INN21297,0.10802785
INN35889,0.27619883
INN33011,0.15837243
INN15538,0.2481751
INN18137,0.014349704
INN34302,0.1425156
INN25575,0.43185318
INN13828,0.15445356
INN17842,0.23299597
INN10994,0.3135724
INN04456,0.288344
INN33170,0.1851862
INN10727,0.656058
INN21876,0.193869
INN31035,0.5017095
INN27280,0.3184342
INN36112,0.34175736
INN10985,0.08451609
INN15135,0.38216802
INN19975,0.19009519
INN01838,0.12575604
INN27338,0.16725323
INN10071,0.32358542
INN20524,0.31029966
INN29843,0.13967454
INN10370,0.12448001
INN06757,0.07786696
INN10425,0.08011434
INN13790,0.21005945
INN22002,0.18721503
INN07887,0.7957152
INN33054,0.4943675
INN23503,0.13941254
INN23102,0.12682146
INN35800,0.22639616
INN18407,0.6930012
INN04914,0.447053
INN04035,0.656058
INN09903,0.34492862
INN35145,0.19583312
INN13115,0.51174825
INN34044,0.23307417
INN32678,0.25522554
INN03243,0.47767314
INN29283,0.118044734
INN30124,0.50522375
INN21350,0.21465154
INN35395,0.11276311
INN24495,0.59884
INN31683,0.5615072
INN03590,0.5306287
INN04986,0.8978291
INN21194,0.18791126
INN03379,0.15505065
INN21636,0.66786015
INN16805,0.50680864
INN30078,0.16033661
INN14898,0.4059222
INN26369,0.14063878
INN04593,0.21752577
INN16852,0.19943024
INN00442,0.28843522
INN03834,0.27490658
INN20398,0.3441769
INN12628,0.11132954
INN04281,0.32136992
INN23548,0.48078313
INN25232,0.31321606
INN05344,0.71989775
INN10300,0.743638
INN21157,0.4765948
INN23840,0.45654178
INN33102,0.2934426
INN28335,0.0064672055
INN02301,0.8291476
INN31863,0.6194621
INN12571,0.4000763
INN06731,0.099253245
INN34378,0.5783218
INN32274,0.4407476
INN09524,0.122736506
INN27728,0.16216742
INN01340,0.11075369
INN07295,0.381933
INN12485,0.19274125
INN15760,0.7248914
INN35841,0.00875198
INN19904,0.029247535
INN27108,0.6449684
INN26519,0.30379242
INN07071,0.65333396
INN12987,0.1523086
INN13296,0.6096501
INN28714,0.47920018
INN14914,0.4198733
INN09073,0.9129953
INN28036,0.19151342
INN28669,0.36668044
INN12494,0.048967097
INN14561,0.8672676
INN01641,0.04823502
INN21308,0.12565944
INN21295,0.7329802
INN25266,0.1323798
INN29481,0.70219725
INN06187,0.36579654
INN17897,0.54478884
INN31426,0.7378682
INN17252,0.07449018
INN28053,0.10958337
INN03943,0.29752403
INN23982,0.18356922
INN28710,0.6939288
INN25372,0.5452206
INN27257,0.1513347
INN06552,0.5002318
INN12139,0.34049988
INN10792,0.4567933
INN24388,0.64496577
INN32241,0.3821293
INN11029,0.48090518
INN29791,0.10314723
INN14582,0.17867164
INN18340,0.15286481
INN00197,0.081264526
INN07881,0.15046562
INN11544,0.41173184
INN27635,0.1968789
INN07948,0.3088034
INN24136,0.83288336
INN19906,0.73065394
INN17955,0.68468153
INN00734,0.66786015
INN21500,0.46686953
INN29263,0.15083073
INN08291,0.6147034
INN24626,0.7640599
INN16695,0.013090354
INN27740,0.17812335
INN32461,0.037104767
INN23606,0.44563147
INN07290,0.20427561
INN04286,0.028294742
INN27542,0.03881049
INN07337,0.052399084
INN09996,0.16920027
INN16342,0.73577774
INN00625,0.113292255
INN12537,0.4858518
INN35355,0.5306287
INN25977,0.45732978
INN30578,0.03779412
INN17368,0.26062703
INN11431,0.26909342
INN33249,0.5191426
INN19100,0.20859122
INN01595,0.2547306
INN10277,0.007192852
INN24900,0.11383139
INN29299,0.1773913
INN21748,0.5017095
INN19761,0.009244762
INN21139,0.5032913
INN06593,0.106805086
INN22086,0.0397776
INN23023,0.7239812
INN25660,0.3571686
INN28824,0.48773268
INN25022,0.38258594
INN21787,0.745216
INN34357,0.20176536
INN02072,0.5068988
INN06761,0.53945506
INN00458,0.46442717
INN27552,0.37782505
INN06586,0.010555613
INN32235,0.017192138
INN10422,0.41683832
INN17978,0.15963809
INN18635,0.4823788
INN34148,0.1784016
INN24962,0.5020014
INN21429,0.50404376
INN07304,0.42750764
INN09739,0.49221867
INN05347,0.43185318
INN32015,0.08773598
INN34147,0.13930888
INN15045,0.104630806
INN10658,0.43264538
INN13053,0.4999099
INN24062,0.10022772
INN35881,0.049242757
INN25132,0.20781478
INN35132,0.9379162
INN26847,0.14924799
INN05479,0.06604392
INN24964,0.33225647
INN17412,0.05941171
INN20966,0.3259042
INN32721,0.26521164
INN30437,0.101583175
INN08500,0.49910355
INN16398,0.31214902
INN32901,0.28584254
INN32622,0.35814595
INN14454,0.0062877093
INN01682,0.220235
INN12981,0.18965249
INN10344,0.01923693
INN25320,0.45732978
INN04238,0.43593475
INN23944,0.507978
INN16766,0.34233272
INN26301,0.077099904
INN12779,0.13866918
INN23193,0.1863643
INN30795,0.36941487
INN32268,0.47118953
INN04420,0.10407294
INN04557,0.43161684
INN13489,0.15099445
INN00567,0.38806194
INN21915,0.39691898
INN25295,0.18777113
INN19136,0.9865023
INN02753,0.56217474
INN02961,0.22168602
INN32950,0.18610398
INN10922,0.35496584
INN20202,0.50404376
INN33076,0.3694286
INN30820,0.045882877
INN22074,0.1251562
INN28659,0.20668983
INN01449,0.67777145
INN09762,0.19687638
INN18042,0.16215163
INN22221,0.23422916
INN18796,0.16356644
INN28169,0.20136797
INN32251,0.01681635
INN08280,0.16378129
INN26323,0.45112723
INN08484,0.41184747
INN02677,0.057103947
INN01378,0.66578484
INN19127,0.18895541
INN34194,0.26714167
INN31245,0.5756033
INN24117,0.47490892
INN11129,0.24631818
INN02300,0.612226
INN08846,0.66177315
INN10429,0.51472384
INN23308,0.32642427
INN28992,0.46036485
INN14325,0.06872058
INN17380,0.15274556
INN34126,0.20644915
INN26977,0.15053363
INN23406,0.54610497
INN25152,0.77353483
INN29205,0.4473368
INN12089,0.19175398
INN23718,0.13211541
INN05173,0.21338345
INN18036,0.34049988
INN26667,0.33957586
INN06003,0.13150114
INN20796,0.23522748
INN05019,0.16395168
INN29941,0.5020014
INN15571,0.07627363
INN01180,0.026476147
INN32242,0.49359602
INN13034,0.30675548
INN24803,0.5742736
INN32019,0.51410156
INN18329,0.009948341
INN14284,0.36039403
INN23883,0.539715
INN25643,0.71626097
INN30099,0.05073699
INN28682,0.22338335
INN07946,0.3066211
INN12427,0.08958911
INN21061,0.76015645
INN09677,0.14428604
INN04878,0.35261542
INN18915,0.10624821
INN34648,0.85688436
INN25201,0.24947022
INN17692,0.025314229
INN18594,0.54187405
INN30991,0.21370971
INN12239,0.06149832
INN19059,0.20474015
INN25491,0.25895664
INN18847,0.0780079
INN08355,0.05820925
INN33390,0.3485542
INN33807,0.1758684
INN28570,0.23958169
INN14778,0.26884636
INN08311,0.2757923
INN21158,0.39505544
INN19712,0.0124985725
INN28463,0.36633202
INN33479,0.75793725
INN17929,0.6194621
INN24410,0.23262203
INN19111,0.02516372
INN10926,0.37611005
INN12288,0.028640509
INN06109,0.12680522
INN18271,0.0130938105
INN25885,0.76812536
INN00759,0.24902898
INN18839,0.62241894
INN03567,0.10195973
INN34165,0.21373793
INN06984,0.3536434
INN05361,0.57566315
INN07205,0.31959727
INN04411,0.33165976
INN16621,0.20822394
INN12784,0.29426286
INN35911,0.25358462
INN19388,0.05145355
INN31232,0.017234327
INN05860,0.18935205
INN34577,0.4767936
INN30864,0.43952128
INN19853,0.5971006
INN05922,0.45770267
INN09518,0.29969817
INN14387,0.036758002
INN18528,0.27276042
INN22863,0.6818561
INN31816,0.21619388
INN02276,0.088642046
INN15506,0.46022746
INN34694,0.43915808
INN07325,0.68730986
INN14448,0.15925898
INN21753,0.7640599
INN07025,0.2722118
INN26180,0.18393794
INN28084,0.4274849
INN10804,0.014775444
INN27432,0.2900306
INN04845,0.5020014
INN36022,0.23400861
INN33600,0.48685077
INN27336,0.023701759
INN03221,0.37354437
INN05328,0.101647
INN30192,0.22834352
INN30228,0.1399726
INN34071,0.77949136
INN32859,0.4709119
INN04950,0.8287129
INN10036,0.75103307
INN16636,0.85751766
INN13757,0.61468935
INN22308,0.80212337
INN28384,0.64605516
INN20121,0.24463707
INN20258,0.059715234
INN21654,0.06999472
INN18869,0.19683817
INN36234,0.38287154
INN16070,0.44180155
INN22730,0.3193261
INN10477,0.7646959
INN03987,0.76246864
INN30774,0.6065769
INN11301,0.166888
INN14041,0.14579444
INN15392,0.07627363
INN28241,0.81946146
INN19081,0.660603
INN09415,0.6675751
INN14814,0.3252645
INN13036,0.35193846
INN19443,0.036906525
INN08134,0.34279484
INN26547,0.27934772
INN24069,0.1459753
INN34086,0.34731472
INN28584,0.47172934
INN14093,0.026540743
INN29594,0.3824852
INN19107,0.08107808
INN11866,0.54097503
INN35232,0.22244492
INN21259,0.0076633543
INN33072,0.32134756
INN15253,0.006835981
INN35055,0.093439415
INN08384,0.14908218
INN23294,0.48334807
INN33015,0.5399129
INN07307,0.7474751
INN20586,0.36355323
INN36223,0.35059527
INN32909,0.4733096
INN14422,0.22399738
INN11800,0.44613856
INN04520,0.05754696
INN03039,0.044107568
INN24994,0.72466093
INN31397,0.21917982
INN34324,0.37099606
INN30098,0.2844957
INN21525,0.26299518
INN20557,0.55403465
INN34433,0.72543555
INN34445,0.53344464
INN08618,0.10233648
INN13439,0.7325896
INN11744,0.8119137
INN30108,0.166888
INN22164,0.23424631
INN22904,0.71121734
INN19985,0.024797872
INN13518,0.014004508
INN22950,0.060036384
INN05882,0.17008424
INN06150,0.062305275
INN24762,0.01266603
INN14453,0.25779605
INN27466,0.5205161
INN09622,0.37631083
INN17114,0.5139983
INN08825,0.00203289
INN23540,0.6766559
INN08055,0.09977729
INN31756,0.085658096
INN32343,0.042438094
INN03932,0.4765948
INN04606,0.2897777
INN15579,0.11129013
INN07644,0.6233598
INN23602,0.42492667
INN26022,0.12893023
INN14635,0.5583182
INN16304,0.30103698
INN20916,0.061153516
INN19747,0.028294742
INN29647,0.1437987
INN11216,0.21039557
INN12656,0.70649993
INN20116,0.11640818
INN09993,0.42541006
INN13856,0.19746521
INN27661,0.10838123
INN31120,0.19328423
INN33345,0.7640599
INN22473,0.7751782
INN29183,0.36587787
INN04203,0.27191147
INN16622,0.089022234
INN07970,0.1256454
INN07918,0.36032525
INN23232,0.24122566
INN12435,0.64617515
INN25108,0.30175757
INN17432,0.52422756
INN28919,0.05439001
INN12262,0.28732103
INN31069,0.5020014
INN22797,0.33915105
INN35050,0.50476694
INN30690,0.56824094
INN14603,0.17702965
INN30204,0.109580085
INN23843,0.0529823
INN03489,0.28844795
INN25854,0.96687204
INN12316,0.35418186
INN02438,0.20311703
INN12300,0.35945472
INN02136,0.122365
INN25513,0.66786015
INN09713,0.57566315
INN14144,0.38252833
INN26700,0.003919475
INN33907,0.0457146
INN13603,0.4378976
INN08529,0.95169955
INN03253,0.6720342
INN05810,0.68985313
INN02639,0.18516135
INN18443,0.41762143
INN09791,0.038250938
INN13376,0.033504307
INN32827,0.25691456
INN08780,0.21917982
INN00978,0.09901433
INN30689,0.32090887
INN34315,0.6032574
INN31388,0.41869873
INN20710,0.02559073
INN26955,0.48260415
INN34023,0.39300594
INN31097,0.23047197
INN35515,0.24824043
INN18308,0.20543662
INN11428,0.12196531
INN01241,0.12387841
INN17203,0.14284796
INN26041,0.08301734
INN09296,0.22084811
INN05698,0.042695656
INN31734,0.652556
INN24264,0.06385454
INN21739,0.09826022
INN26434,0.7971581
INN32225,0.0361743
INN00703,0.14061376
INN04521,0.81531054
INN27938,0.3345884
INN35418,0.68985313
INN28071,0.14239931
INN24037,0.5790421
INN15742,0.28276125
INN17962,0.21090135
INN15365,0.262067
INN34674,0.011101855
INN09354,0.18721004
INN12620,0.38812622
INN11750,0.1968783
INN35346,0.51666296
INN24906,0.09901433
INN22790,0.4422202
INN15989,0.8597354
INN27138,0.18568492
INN32238,0.29902682
INN25872,0.14112033
INN31786,0.20542622
INN24795,0.41004786
INN08903,0.2829477
INN23374,0.39802408
INN19810,0.061591078
INN00378,0.05342246
INN10332,0.652556
INN01299,0.71316975
INN26384,0.44494313
INN22975,0.6939288
INN19211,0.6150408
INN27582,0.065654345
INN12310,0.6266561
INN28365,0.011891786
INN08501,0.046337575
INN04519,0.29922807
INN30224,0.04883116
INN34810,0.75910586
INN14698,0.1844024
INN17497,0.11899035
INN11516,0.36811566
INN19754,0.26891974
INN01035,0.0013500925
INN10881,0.58608663
INN31963,0.20780428
INN05346,0.02162552
INN12291,0.55652344
INN17965,0.25077245
INN18307,0.44546655
INN02002,0.8911128
INN15326,0.29832608
INN36054,0.08528367
INN33578,0.65619963
INN31933,0.20509419
INN27984,0.2690901
INN12832,0.7253485
INN10854,0.20378882
INN29616,0.5103991
INN30086,0.7002811
INN18452,0.023852166
INN30924,0.06805354
INN03900,0.22183281
INN09452,0.19456476
INN01166,0.26065555
INN00345,0.4476166
INN09505,0.5707589
INN05677,0.09848365
INN03209,0.15459596
INN18408,0.12737532
INN25555,0.20778412
INN30851,0.2844957
INN00140,0.7412758
INN15985,0.15302646
INN24928,0.8880628
INN33083,0.120874934
INN30592,0.9745565
INN30928,0.49741474
INN04215,0.3824852
INN14403,0.2454371
INN12519,0.01022023
INN11558,0.20368499
INN08603,0.28634694
INN26960,0.14362115
INN31506,0.44825423
INN31849,0.62010413
INN10008,0.122365
INN20647,0.64795107
INN06112,0.015400825
INN33684,0.21035637
INN34466,0.014066669
INN03646,0.43318015
INN05467,0.097802415
INN05253,0.70649993
INN03674,0.10185156
INN02230,0.4992699
INN28912,0.34081012
INN25051,0.20184152
INN19592,0.07771762
INN01283,0.20191242
INN32258,0.3541959
INN18499,0.039671853
INN01591,0.022450177
INN18054,0.5069182
INN01795,0.16196278
INN10329,0.051985595
INN02875,0.23910533
INN05654,0.13426425
INN21522,0.07535419
INN21473,0.15302646
INN29998,0.029382965
INN22120,0.13688095
INN07639,0.31778872
INN10128,0.18329868
INN07192,0.21576716
INN25446,0.19089706
INN21904,0.23107097
INN12565,0.34589916
INN33042,0.37989244
INN28692,0.58662146
INN01847,0.38549837
INN04021,0.3944582
INN18655,0.6836494
INN18894,0.6150408
INN31293,0.2538651
INN02443,0.010125689
INN11512,0.4274849
INN29728,0.07704396
INN25791,0.8274952
INN18357,0.35800606
INN15539,0.20780428
INN04385,0.7352663
INN01737,0.43264538
INN28238,0.033776596
INN00120,0.02930723
INN25913,0.15958472
INN23073,0.0800472
INN33392,0.04111708
INN05200,0.04405935
INN16065,0.021384614
INN11905,0.3678415
INN19079,0.37486678
INN29641,0.9163546
INN06482,0.19518326
INN24087,0.7068128
INN22052,0.00513444
INN02118,0.5411031
INN20593,0.26359573
INN09566,0.24384105
INN33811,0.80212337
INN32025,0.82800925
INN01198,0.009762077
INN06282,0.4210781
INN01669,0.08262212
INN35477,0.09797262
INN16316,0.8801078
INN11998,0.022141416
INN00518,0.0874381
INN18955,0.043511618
INN29370,0.047067557
INN30510,0.2418374
INN28892,0.049849067
INN28422,0.22900863
INN06886,0.07231965
INN31478,0.09631547
INN04507,0.045073967
INN28884,0.0070766364
INN01073,0.83012915
INN28628,0.16265175
INN05716,0.66786015
INN01276,0.03970654
INN09559,0.6953585
INN02296,0.016907066
INN03602,0.6737124
INN13063,0.0020624432
INN08041,0.017648382
INN05551,0.34522298
INN04825,0.31763503
INN02745,0.08332328
INN30083,0.5020014
INN10789,0.28885606
INN25968,0.046150565
INN29437,0.14568731
INN09271,0.8470996
INN01931,0.26423636
INN13611,0.037869494
INN20221,0.18674897
INN30009,0.44439998
INN02526,0.8050547
INN29142,0.22669125
INN00641,0.2771094
INN27405,0.03759182
INN35990,0.23789622
INN05842,0.0351214
INN04347,0.2409919
INN05684,0.42812502
INN30541,0.53344464
INN26277,0.30553946
INN26982,0.47612375
INN25581,0.44589293
INN18247,0.52611023
INN02625,0.5682518
INN09986,0.31099874
INN27215,0.2875502
INN29584,0.23424631
INN12948,0.59418875
INN20022,0.16334304
INN02159,0.15528001
INN19291,0.18721004
INN33179,0.06552212
INN22026,0.21674243
INN10507,0.32552227
INN00242,0.23055811
INN28114,0.19959116
INN07498,0.22979969
INN03266,0.0077960677
INN35066,0.16608159
INN15772,0.28525522
INN12408,0.46322566
INN25020,0.34843686
INN07302,0.46400294
INN10138,0.0054791654
INN17202,0.4297042
INN04738,0.2805292
INN05712,0.59160924
INN26518,0.44005448
INN06927,0.7325896
INN32642,0.64431614
INN15177,0.44741562
INN23355,0.7200616
INN21580,0.38409123
INN10371,0.62227666
INN29276,0.6215744
INN21716,0.56149876
INN05357,0.07535419
INN35131,0.54292846
INN08762,0.31480104
INN35806,0.0668521
INN30402,0.67142856
INN16056,0.306915
INN08427,0.34243348
INN24824,0.0018501785
INN35245,0.48942795
INN01001,0.7044703
INN34187,0.14717329
INN14193,0.061057236
INN06216,0.8119137
INN16613,0.09901433
INN15519,0.19785804
INN05355,0.23047197
INN07865,0.18406601
INN15138,0.03868495
INN07031,0.18207614
INN10039,0.46345705
INN12734,0.20642804
INN23281,0.08134158
INN14223,0.48564273
INN04230,0.1402659
INN21010,0.64605516
INN28818,0.4899364
INN05713,0.15814212
INN17391,0.24038997
INN13593,0.19781859
INN20576,0.2129625
INN30053,0.073825225
INN33273,0.07058038
INN02532,0.3833608
INN02762,0.1798743
INN06716,0.08105162
INN13197,0.34697846
INN05755,0.23135476
INN17828,0.14761956
INN20741,0.37495112
INN19877,0.70402235
INN27164,0.62516296
INN02096,0.19905935
INN14984,0.83241075
INN03050,0.6515051
INN17118,0.49843517
INN00953,0.09465622
INN05825,0.6406494
INN29304,0.7347681
INN09932,0.1620464
INN29461,0.23200087
INN01663,0.1402751
INN07029,0.6380805
INN18552,0.87402964
INN18218,0.3332185
INN07719,0.2684328
INN20276,0.8199821
INN21284,0.4182084
INN31518,0.19320941
INN18930,0.536293
INN09441,0.56217474
INN32312,0.6194621
INN20041,0.393728
INN09147,0.012222948
INN12864,0.4413249
INN05658,0.11664186
INN29544,0.6349973
INN34586,0.083593845
INN28755,0.097563334
INN34351,0.17560913
INN10753,0.08457349
INN32320,0.20427561
INN16031,0.09510889
INN23533,0.14987579
INN18436,0.19910958
INN11748,0.6508485
INN20571,0.2844957
INN27896,0.19691348
INN34188,0.126301
INN07894,0.40004113
INN29385,0.5020014
INN01521,0.027932322
INN20732,0.21585424
INN01244,0.18126714
INN25379,0.004140876
INN01556,0.43161106
INN33891,0.03897819
INN07034,0.44620508
INN11659,0.7373897
INN29759,0.24144179
INN23813,0.10871294
INN26495,0.5331796
INN09933,0.5438812
INN01890,0.23909506
INN01115,0.1706119
INN18537,0.08301734
INN03930,0.16881292
INN34495,0.6194621
INN24891,0.20419331
INN19047,0.1402751
INN11793,0.37611005
INN08858,0.05056705
INN02449,0.18082842
INN22545,0.63803416
INN01872,0.028294742
INN18539,0.60031444
INN24026,0.123276345
INN18290,0.801049
INN12610,0.7136246
INN04651,0.9481789
INN14153,0.20780428
INN21721,0.3002287
INN08212,0.062132962
INN13170,0.031298332
INN08477,0.31875354
INN17116,0.43822986
INN24240,0.64918953
INN21255,0.12878086
INN33433,0.402124
INN34076,0.053469356
INN09364,0.18282127
INN15349,0.05564469
INN10728,0.520831
INN16356,0.23889862
INN08102,0.024263134
INN08226,0.022141416
INN34132,0.1272718
INN10981,0.3311046
INN28034,0.321576
INN05988,0.046780422
INN28594,0.13773726
INN13538,0.06604392
INN17266,0.29377875
INN09539,0.20778282
INN22872,0.6559167
INN20123,0.20495291
INN28069,0.1495679
INN02579,0.22992304
INN33231,0.19696625
INN11859,0.25004673
INN34506,0.13917118
INN24319,0.34233272
INN16510,0.20406593
INN24186,0.21970335
INN08271,0.44494313
INN06804,0.0016479399
INN21874,0.70910764
INN19982,0.2345983
INN05639,0.13133363
INN09329,0.0028058765
INN08046,0.022141416
INN16000,0.05826047
INN35415,0.4199503
INN30150,0.3670658
INN19351,0.1645503
INN15342,0.28446776
INN24331,0.5344155
INN05976,0.108088955
INN17763,0.44563147
INN14665,0.30473578
INN09709,0.8415521
INN12039,0.37782505
INN23876,0.5013501
INN27822,0.93841624
INN00992,0.36311692
INN33222,0.4852097
INN26223,0.3236796
INN22412,0.2777977
INN02313,0.29275584
INN20799,0.14037858
INN18925,0.7960316
INN31347,0.30069277
INN25563,0.5032913
INN29217,0.24038997
INN34038,0.038905893
INN07101,0.041934565
INN33463,0.38252833
INN15921,0.2342816
INN00500,0.27226928
INN18838,0.50476694
INN28572,0.13273217
INN06621,0.42492667
INN36015,0.016615657
INN01306,0.36228558
INN01348,0.26855898
INN27880,0.44180545
INN01982,0.81889457
INN10666,0.2111933
INN12370,0.0023131093
INN30885,0.04311655
INN30959,0.118044734
INN05947,0.07315958
INN12348,0.28925386
INN35171,0.016857246
INN10315,0.34624976
INN26395,0.46873343
INN05220,0.43737084
INN25299,0.42546952
INN02908,0.76015645
INN09961,0.6065769
INN26981,0.16959576
INN12102,0.113014504
INN32447,0.16301617
INN31352,0.42276594
INN21007,0.71347183
INN09780,0.24765643
INN05549,0.07240179
INN15084,0.047336973
INN08414,0.5192427
INN09382,0.016169818
INN32781,0.15595435
INN17545,0.0129918
INN24296,0.1525639
INN21785,0.78214043
INN13200,0.23055811
INN07432,0.09067797
INN11489,0.014004508
INN23194,0.3570444
INN36240,0.20179895
INN07781,0.6832963
INN31694,0.44345418
INN16214,0.27547425
INN34143,0.037832975
INN06351,0.34589916
INN30211,0.12755641
INN09929,0.036525335
INN26671,0.076979995
INN01992,0.7255549
INN28709,0.26395348
INN01030,0.8249281
INN06272,0.3201472
INN20808,0.08072774
INN36085,0.5046453
INN19298,0.18995737
INN12061,0.3506964
INN35004,0.115798704
INN08919,0.74108726
INN06970,0.64613664
INN11189,0.70459455
INN35335,0.76015645
INN26305,0.007447678
INN34206,0.010540682
INN16719,0.15195152
INN15335,0.5206702
INN05372,0.8013142
INN34766,0.2622292
INN16542,0.5435765
INN06605,0.69346625
INN13083,0.20143124
INN19535,0.24851532
INN06437,0.7266563
INN21957,0.54813385
INN06663,0.07762025
INN34039,0.69189113
INN20489,0.08004693
INN02009,0.1977363
INN22248,0.1982889
INN05876,0.30645496
INN29365,0.16351178
INN19025,0.43973637
INN27828,0.28163865
INN29350,0.22341105
INN29367,0.09959706
INN23884,0.24523275
INN08136,0.2532987
INN07752,0.0006188414
INN04706,0.23766755
INN01093,0.17795989
INN10355,0.49535155
INN02169,0.18604451
INN30126,0.0026104902
INN01034,0.29112214
INN01857,0.6864724
INN03190,0.34589916
INN30591,0.4302432
INN10399,0.5609446
INN32727,0.34407744
INN33808,0.002629307
INN31211,0.76015645
INN15493,0.74434376
INN20651,0.3571938
INN01079,0.70166206
INN33152,0.1758684
INN35024,0.3065411
INN22547,0.31029966
INN01184,0.18604451
INN04751,0.054951318
INN33058,0.04487606
INN01789,0.14530955
INN33585,0.756385
INN35327,0.31672427
INN22098,0.17874084
INN28996,0.5339466
INN23671,0.23939916
INN16753,0.056554202
INN07482,0.65112036
INN30114,0.5650581
INN23920,0.29734766
INN29829,0.66827744
INN02287,0.80115294
INN07138,0.52588487
INN23339,0.12762372
INN34355,0.087198205
INN21291,0.15185566
INN12363,0.030981341
INN28485,0.12427529
INN21457,0.04571811
INN11755,0.20305413
INN21900,0.7840634
INN32031,0.47767314
INN15889,0.35354814
INN20402,0.012386035
INN34015,0.05173879
INN06747,0.412665
INN29105,0.9600004
INN28574,0.64563173
INN15751,0.1977458
INN02139,0.38358778
INN02120,0.025267651
INN26115,0.39300594
INN23748,0.05428219
INN35402,0.21167381
INN04776,0.3464086
INN33504,0.4453474
INN27864,0.393728
INN20530,0.26939538
INN00517,0.3832776
INN13327,0.016857246
INN26485,0.10849669
INN24885,0.026540594
INN35044,0.017769177
INN06493,0.38841757
INN11579,0.43896183
INN26336,0.011603889
INN28099,0.25387803
INN18587,0.4713424
INN25088,0.13233547
INN06905,0.6320805
INN17517,0.37989244
INN31323,0.37555015
INN32538,0.7738721
INN04218,0.45367497
INN24368,0.027642118
INN23264,0.46216506
INN25512,0.42655584
INN17419,0.15657586
INN07091,0.6949853
INN07232,0.3831743
INN34381,0.3497541
INN00448,0.19593172
INN19432,0.7847143
INN22475,0.49448314
INN16208,0.46213618
INN02636,0.10367637
INN05149,0.6342648
INN07723,0.397941
INN28214,0.011480052
INN04323,0.034664508
INN27783,0.6637212
INN32316,0.15408929
INN23618,0.40051916
INN07593,0.4723135
INN22984,0.4286004
INN18875,0.5316207
INN31403,0.5426936
INN16696,0.03395628
INN14982,0.2268031
INN06527,0.24741898
INN29261,0.36857048
INN14425,0.4504655
INN02345,0.23516035
INN33638,0.7251781
INN29928,0.14539123
INN07041,0.08268544
INN23453,0.62516296
INN01119,0.60004455
INN32433,0.16646333
INN03338,0.943967
INN10055,0.20785263
INN22245,0.221263
INN23587,0.63465244
INN29006,0.7568699
INN13264,0.24139424
INN13884,0.3625875
INN32386,0.53501296
INN00656,0.1271179
INN21914,0.19683817
INN23614,0.61469615
INN12733,0.09901433
INN01398,0.035398792
INN19430,0.43436384
INN20874,0.30658957
INN35341,0.16152221
INN35251,0.34362552
INN06040,0.56647146
INN01397,0.2686675
INN18818,0.7003814
INN05046,0.45397675
INN04673,0.5569267
INN32695,0.32517
INN11719,0.041728087
INN24142,0.15871193
INN01697,0.20776802
INN02347,0.6613909
INN30286,0.45319977
INN33051,0.04337676
INN16711,0.8119137
INN18526,0.026231965
INN09592,0.07859371
INN15209,0.6194621
INN08024,0.9323607
INN21368,0.19441935
INN17180,0.58746517
INN34488,0.007766869
INN24765,0.29748642
INN07331,0.11006205
INN13507,0.04994861
INN25875,0.23278454
INN22711,0.3556485
INN17664,0.36817372
INN23501,0.4297042
INN25294,0.69346625
INN05428,0.09503304
INN00597,0.32312623
INN12568,0.1968783
INN17355,0.36615264
INN11016,0.111181
INN34895,0.2286636
INN03389,0.23851156
INN13963,0.2168928
INN25500,0.14999694
INN17844,0.4533558
INN14092,0.026232496
INN03848,0.079909205
INN15136,0.021656241
INN03508,0.057964507
INN15869,0.028071886
INN35036,0.7640599
INN13064,0.37732813
INN14494,0.6489784
INN25078,0.040059615
INN10409,0.42311522
INN13711,0.40677965
INN11045,0.12429291
INN02684,0.61974156
INN25799,0.052612644
INN09560,0.56741863
INN29615,0.17802991
INN30057,0.52328193
INN31348,0.114831574
INN18858,0.13391624
INN22941,0.35603127
INN01816,0.2904217
INN36121,0.3385042
INN04985,0.14389175
INN33485,0.2931582
INN34916,0.66942066
INN14170,0.28566158
INN08088,0.40871456
INN26193,0.7497761
INN26465,0.63664246
INN01906,0.494573
INN06312,0.5061665
INN32013,0.32364348
INN15118,0.4992699
INN05599,0.18714511
INN12972,0.09933382
INN15114,0.6984725
INN33452,0.12687445
INN14100,0.15302646
INN04635,0.4804569
INN21454,0.1212724
INN27367,0.026634192
INN19428,0.03260239
INN34843,0.4520708
INN28923,0.32869086
INN10430,0.15347835
INN29527,0.3246243
INN08443,0.22720897
INN12891,0.109544754
INN23470,0.17906357
INN15076,0.53313196
INN16267,0.9443048
INN12036,0.2002737
INN35967,0.23508196
INN19633,0.84125763
INN02859,0.1499725
INN10338,0.8460989
INN01413,0.055748105
INN25050,0.29377875
INN33668,0.5359589
INN01324,0.166888
INN12884,0.38719034
INN00093,0.43261558
INN27477,0.16819678
INN24430,0.3101997
INN31930,0.79375887
INN03836,0.37782505
INN06362,0.2221178
INN06001,0.37693626
INN26980,0.3998915
INN14912,0.7118531
INN07439,0.32763582
INN05815,0.14015748
INN10343,0.5448197
INN34129,0.14272483
INN03886,0.034690935
INN16484,0.66786015
INN06037,0.024478458
INN19787,0.24902958
INN17042,0.5475542
INN25887,0.22635762
INN18248,0.10580517
INN18198,0.21271892
INN07210,0.16033661
INN08887,0.56217474
INN23701,0.16346563
INN28176,0.22023425
INN13505,0.19046481
INN26595,0.10195973
INN31346,0.14548863
INN01424,0.40871456
INN07134,0.827229
INN05101,0.14613926
INN06952,0.16077335
INN19527,0.18259142
INN30421,0.8119137
INN09499,0.3894641
INN36074,0.34624976
INN04158,0.24038997
INN13550,0.4576003
INN32638,0.31525856
INN07572,0.58889234
INN01110,0.23766091
INN08404,0.17872961
INN31492,0.20136616
INN33372,0.09018697
INN15557,0.7592623
INN10697,0.39691898
INN00964,0.49779248
INN33493,0.12428085
INN21610,0.3236875
INN32765,0.05866039
INN07475,0.4146463
INN02975,0.5353025
INN26111,0.58121526
INN17748,0.14934926
INN16170,0.19336863
INN10864,0.20176536
INN08766,0.8914634
INN27010,0.6194621
INN02852,0.07358796
INN12423,0.374668
INN17080,0.5306287
INN04524,0.76759696
INN01248,0.21678011
INN34853,0.21970335
INN07746,0.24269165
INN16467,0.08833498
INN21833,0.2409919
INN02732,0.17011517
INN25493,0.22871995
INN16615,0.8194015
INN19968,0.0731115
INN13417,0.4378976
INN23149,0.054528803
INN29822,0.29112214
INN16740,0.16546874
INN20778,0.5731024
INN36245,0.41415906
INN11193,0.14907566
INN21891,0.30846778
INN21971,0.20602727
INN04956,0.2529483
INN36224,0.35800606
INN20442,0.3252645
INN17260,0.27808705
INN10837,0.094846554
INN30776,0.6562524
INN09767,0.42647666
INN13195,0.0779508
INN23745,0.37006742
INN08023,0.8291476
INN21993,0.32498434
INN15244,0.42930704
INN12312,0.44952357
INN25083,0.29728073
INN24005,0.62227666
INN18046,0.6637212
INN06047,0.33957586
INN20832,0.61441296
INN03698,0.25209332
INN20780,0.4602587
INN34626,0.32952765
INN20087,0.17578559
INN29714,0.48506722
INN30659,0.10571232
INN30717,0.07874786
INN31888,0.7572492
INN35786,0.69189113
INN10743,0.4253731
INN08571,0.031424694
INN12952,0.009778168
INN06825,0.07079689
INN12629,0.20268962
INN26268,0.15324213
INN14760,0.393728
INN35751,0.4564849
INN19278,0.30767643
INN07516,0.44352132
INN00757,0.4157193
INN08194,0.019509377
INN32670,0.57589406
INN35897,0.33957586
INN14332,0.02083378
INN21455,0.44802067
INN02589,0.30941215
INN25367,0.034213778
INN07769,0.41184747
INN30326,0.28086996
INN27586,0.6276817
INN10446,0.35354814
INN16516,0.7119592
INN18191,0.22668184
INN29199,0.63327956
INN22047,0.6488775
INN23128,0.49591273
INN01802,0.44278538
INN14355,0.057544954
INN10785,0.21996121
INN15074,0.4302432
INN20541,0.16184193
INN11147,0.2536052
INN24807,0.2817955
INN17055,0.36668044
INN12023,0.40669578
INN21888,0.4240713
INN34234,0.30058104
INN16089,0.019277727
INN00828,0.4743024
INN13934,0.15657586
INN15393,0.31214902
INN33462,0.50404376
INN05079,0.021063223
INN03807,0.18321162
INN19898,0.0915686
INN26813,0.30103698
INN29182,0.58748615
INN24480,0.7480027
INN30612,0.58165026
INN11667,0.86749446
INN33320,0.32763305
INN34264,0.07110003
INN33889,0.04690641
INN10546,0.14994489
INN07654,0.81891143
INN18883,0.5522296
INN05870,0.4378976
INN01132,0.020607352
INN21242,0.011066523
INN01960,0.060858674
INN10092,0.18488862
INN07268,0.22780076
INN24302,0.6915765
INN04757,0.2053607
INN19021,0.652556
INN24997,0.42343307
INN00743,0.35301214
INN06238,0.14935577
INN28260,0.41293153
INN09654,0.5971006
INN35597,0.4019064
INN11966,0.16743831
INN00513,0.3085133
INN08284,0.53355056
INN23974,0.14230537
INN13989,0.6664469
INN34728,0.62648267
INN18033,0.14615448
INN09129,0.4943675
INN13837,0.16968103
INN00594,0.73206717
INN31365,0.3626252
INN00874,0.46345705
INN31953,0.77458227
INN18456,0.649109
INN00335,0.1084695
INN07021,0.083611816
INN19994,0.04475003
INN08604,0.6072
INN23894,0.8233626
INN09094,0.21678011
INN13531,0.123568065
INN28508,0.078983895
INN30588,0.011380953
INN20929,0.23508196
INN03661,0.047448087
INN17704,0.5011246
INN18050,0.4064871
INN14376,0.659976
INN04029,0.80789787
INN12185,0.42004472
INN28062,0.12822616
INN12415,0.0144559825
INN26364,0.6051731
INN30923,0.1250553
INN06428,0.011767962
INN13763,0.101295404
INN23488,0.6664875
INN14757,0.53313196
INN03819,0.19687638
INN28111,0.20046246
INN29885,0.011561098
INN05395,0.009919751
INN13402,0.3677367
INN00131,0.21752577
INN21867,0.4422202
INN26517,0.73533475
INN06759,0.3892306
INN04851,0.34492862
INN10481,0.16124019
INN10167,0.37909034
INN07933,0.33512005
INN31862,0.038254235
INN36044,0.6096501
INN02727,0.07306844
INN30831,0.0150465155
INN33488,0.013382288
INN13138,0.18371162
INN34601,0.27808705
INN29551,0.10801329
INN35713,0.87222916
INN08293,0.10781079
INN25178,0.10971423
INN02835,0.062319607
INN34662,0.3016798
INN10902,0.11572701
INN34919,0.014004508
INN19416,0.3814072
INN27093,0.19170897
INN01514,0.8005371
INN07653,0.345018
INN12152,0.028481226
INN03069,0.06629334
INN02950,0.0029539354
INN27323,0.50404376
INN12441,0.64877754
INN29170,0.10119924
INN16486,0.52388465
INN11100,0.014940782
INN17019,0.5615072
INN06317,0.4820777
INN16105,0.5588891
INN17405,0.38316086
INN01604,0.4259152
INN14278,0.7212362
INN26910,0.8470996
INN03636,0.2245285
INN24101,0.40871456
INN34865,0.5971006
INN01792,0.19725576
INN04464,0.36668044
INN28262,0.49874336
INN34891,0.19872625
INN13809,0.26505545
INN30149,0.16462266
INN09682,0.2517869
INN01332,0.0073741837
INN11154,0.21209002
INN16343,0.11692282
INN17363,0.4378976
INN31948,0.17413442
INN15918,0.17648515
INN21416,0.8470996
INN32939,0.55071473
INN34240,0.50335693
INN28529,0.19518326
INN06995,0.3108351
INN06479,0.49410918
INN19218,0.09209342
INN31444,0.7146365
INN12593,0.5971006
INN20365,0.0033348491
INN31180,0.25321275
INN22327,0.34739798
INN32640,0.081672154
INN20960,0.41257456
INN09236,0.31029966
INN11327,0.6566703
INN25105,0.29969817
INN21953,0.24579126
INN00683,0.008995978
INN27471,0.26177943
INN30956,0.45267466
INN34084,0.20876178
INN29286,0.09678292
INN14418,0.054285668
INN05289,0.34425083
INN29234,0.76666194
INN17942,0.017595585
INN25063,0.37420052
INN24756,0.054570388
INN24258,0.082645305
INN18656,0.16025235
INN30914,0.20457105
INN05086,0.09067797
INN07603,0.68565744
INN23002,0.66942066
INN12112,0.47133833
INN10398,0.6142117
INN27529,0.1863643
INN15240,0.63465244
INN30284,0.3430296
INN34060,0.15302646
INN06529,0.10014767
INN33818,0.22685225
INN21108,0.4199503
INN29892,0.3507751
INN30734,0.14270012
INN33264,0.16633585
INN32507,0.5295331
INN19723,0.43923664
INN15323,0.18329868
INN07756,0.1356778
INN14157,0.29969817
INN18787,0.92527145
INN01764,0.7960168
INN11977,0.21161726
INN27399,0.38630128
INN23886,0.2281703
INN06157,0.11561605
INN24632,0.7567042
INN35998,0.06813556
INN32534,0.5205161
INN02183,0.37830877
INN10334,0.36032525
INN21135,0.09044147
INN13765,0.5350627
INN10411,0.11471366
INN29571,0.8026157
INN08561,0.35800606
INN26034,0.705735
INN00867,0.2741176
INN00480,0.58230126
INN16873,0.47612375
INN23321,0.37909034
INN03103,0.17812335
INN17017,0.44942108
INN02311,0.2754192
INN21460,0.003263338
INN34758,0.37611005
INN03594,0.044876665
INN15025,0.44473314
INN05537,0.2565099
INN26691,0.17030998
INN24970,0.28269094
INN00777,0.34955308
INN21612,0.051428106
INN23415,0.6640036
INN03002,0.4564259
INN28775,0.8193702
INN32326,0.37680122
INN14937,0.5295331
INN29627,0.7313034
INN01140,0.3335271
INN14903,0.0114194155
INN15179,0.13523574
INN13334,0.3110694
INN02175,0.68675566
INN09335,0.48942795
INN19137,0.40377787
INN04469,0.7847143
INN24852,0.40272895
INN29799,0.52388465
INN24700,0.091613956
INN04784,0.75423336
INN31827,0.57118696
INN31126,0.12884524
INN21488,0.82341695
INN02747,0.29969817
INN34822,0.25383165
INN18907,0.4378976
INN25673,0.5405691
INN30979,0.4286004
INN07786,0.166888
INN02565,0.050994374
INN28727,0.77396107
INN10891,0.016793683
INN31640,0.37398827
INN30115,0.27974296
INN32634,0.014004508
INN36271,0.44145706
INN03736,0.7960168
INN12849,0.4133211
INN09646,0.21678011
INN29168,0.24144179
INN13624,0.53157645
INN30585,0.8063114
INN23408,0.37044582
INN10874,0.37780878
INN22675,0.2666082
INN04752,0.4240713
INN18006,0.5332146
INN23363,0.17308731
INN33955,0.49116385
INN26629,0.1998654
INN31410,0.31954166
INN07403,0.21248102
INN04999,0.12367862
INN12052,0.66827744
INN33745,0.50404376
INN29267,0.35603127
INN05485,0.105123594
INN32588,0.86591333
INN27846,0.22977686
INN34554,0.0993962
INN22255,0.056277864
INN31740,0.58165026
INN02618,0.24348563
INN06416,0.99324894
INN06827,0.3457366
INN22122,0.044476446
INN30073,0.47238186
INN21722,0.16215801
INN02848,0.34000078
INN34347,0.014197624
INN28621,0.18889908
INN03026,0.31029966
INN25719,0.4844614
INN07267,0.69189113
INN26410,0.44180155
INN08752,0.4804569
INN15460,0.2133155
INN09399,0.05874072
INN30744,0.09606401
INN05465,0.042421006
INN32787,0.70625836
INN01419,0.23622395
INN14833,0.1133472
INN00781,0.22405335
INN23144,0.026157659
INN33662,0.16351178
INN24249,0.42674074
INN10199,0.44180545
INN12650,0.24902958
INN33932,0.067917414
INN27771,0.08083534
INN10825,0.04402713
INN07404,0.29294175
INN29613,0.4286004
INN31990,0.37883088
INN32920,0.88161683
INN26998,0.3311046
INN31179,0.013493997
INN11839,0.22451682
INN23400,0.32146344
INN34094,0.3127932
INN22171,0.7673668
INN26659,0.056277864
INN24431,0.65621865
INN16317,0.19965318
INN35942,0.6750519
INN33403,0.3388301
INN07194,0.12260055
INN22039,0.34983844
INN36129,0.8001564
INN23474,0.3840643
INN15667,0.13343965
INN27580,0.24523275
INN27070,0.42447048
INN05554,0.462466
INN15416,0.12474464
INN29994,0.43264538
INN21277,0.12299261
INN21237,0.36604714
INN22436,0.15676168
INN06127,0.6413323
INN33725,0.23806131
INN03249,0.8828689
INN05305,0.93895024
INN23925,0.0026213287
INN22573,0.33459473
INN12569,0.21167381
INN06233,0.18939036
INN30859,0.4547242
INN04041,0.6680095
INN33575,0.022378976
INN03586,0.3703199
INN22813,0.25998572
INN14683,0.1928633
INN00981,0.42004472
INN30490,0.20755263
INN07641,0.2649513
INN19835,0.030608773
INN10823,0.17934665
INN24409,0.17554562
INN07681,0.44352132
INN15146,0.38400522
INN21708,0.40791622
INN26362,0.9949929
INN04590,0.71989775
INN07600,0.5347217
INN13696,0.57589406
INN09976,0.6637212
INN29016,0.570884
INN03059,0.36308372
INN22266,0.6557218
INN32358,0.27215272
INN17760,0.3866998
INN29830,0.6469759
INN29950,0.27470767
INN16414,0.1903248
INN17506,0.29309094
INN24391,0.021636464
INN29768,0.098378815
INN22632,0.33931404
INN10830,0.027642118
INN18170,0.23508196
INN18885,0.85383624
INN10646,0.31772512
INN14015,0.12564386
INN23754,0.03796865
INN09535,0.68691355
INN27621,0.04487606
INN13209,0.4844614
INN34256,0.23424631
INN18417,0.022153886
INN23376,0.66181564
INN06389,0.08577492
INN06481,0.07610613
INN19086,0.47066775
INN00267,0.11735444
INN04406,0.7212362
INN28095,0.1369546
INN16584,0.0699767
INN05778,0.47010383
INN18630,0.4798785
INN07150,0.4726716
INN03843,0.14704828
INN20392,0.25937754
INN34435,0.21320578
INN35689,0.3556485
INN32151,0.12448001
INN19294,0.93690544
INN05688,0.393728
INN25666,0.036776382
INN19688,0.0641765
INN10099,0.12299261
INN00791,0.4097289
INN29200,0.19774821
INN21803,0.13760139
INN32032,0.41381636
INN26055,0.55652344
INN08154,0.2903825
INN14201,0.41683832
INN19790,0.12449346
INN01443,0.8119137
INN09852,0.65138686
INN30782,0.43016437
INN15728,0.58362657
INN25436,0.23299597
INN25174,0.40051916
INN25595,0.34509823
INN14189,0.11650042
INN23689,0.73589104
INN34056,0.18585564
INN05196,0.36765462
INN05387,0.15579066
INN03616,0.38069582
INN17498,0.32207757
INN04563,0.59663105
INN11685,0.47238186
INN09001,0.028652292
INN04179,0.11944695
INN14074,0.03290103
INN28978,0.12682146
INN21179,0.259005
INN11478,0.26441872
INN33971,0.2481751
INN33727,0.31029966
INN20490,0.237834
INN31583,0.1451327
INN05437,0.1451327
INN22562,0.47526565
INN15948,0.24019432
INN01338,0.098482296
INN33287,0.07156636
INN09871,0.058708113
INN05562,0.097802415
INN35877,0.68964505
INN08593,0.0017946041
INN32079,0.42133906
INN18903,0.38860273
INN33164,0.34109378
INN03036,0.2073311
INN07824,0.12550877
INN30567,0.59663105
INN07556,0.62227666
INN09772,0.480977
INN05071,0.19781859
INN31299,0.1379138
INN35559,0.5253516
INN07137,0.4363046
INN21966,0.5020014
INN19396,0.64646643
INN18912,0.4157193
INN28348,0.038704053
INN34344,0.030532211
INN30826,0.44002783
INN15764,0.6487636
INN14122,0.40188628
INN30240,0.26137173
INN10888,0.10195973
INN22130,0.53157645
INN10431,0.013204468
INN35783,0.04543881
INN14345,0.08640533
INN33548,0.4809741
INN14108,0.26719376
INN21384,0.44180545
INN11450,0.26719376
INN23733,0.10151166
INN01304,0.26195177
INN06014,0.41049096
INN25577,0.30191055
INN16282,0.10648637
INN04868,0.3814072
INN06913,0.30516922
INN21019,0.66942066
INN17100,0.148464
INN19729,0.105686426
INN01632,0.12959312
INN23697,0.09640583
INN26697,0.16033661
INN33438,0.2397479
INN00891,0.087331966
INN08440,0.29424688
INN10899,0.20445824
INN06676,0.19683817
INN12156,0.21678011
INN32161,0.324705
INN19743,0.4767936
INN13367,0.07013381
INN02731,0.07535419
INN03955,0.59968126
INN07469,0.12395222
INN22054,0.13550249
INN15028,0.40560052
INN29942,0.4157193
INN07818,0.24702467
INN01465,0.67664516
INN00362,0.06508318
INN19007,0.1190266
INN31597,0.36273795
INN01431,0.7319975
INN14262,0.12624146
INN02384,0.17444092
INN00492,0.34691834
INN04818,0.38806194
INN28253,0.006061655
INN28403,0.26062703
INN16890,0.018868875
INN05166,0.23645516
INN07452,0.008038649
INN27273,0.06471442
INN33994,0.09548129
INN20273,0.013161417
INN31003,0.02568384
INN12120,0.011486412
INN24086,0.3217917
INN07846,0.14508905
INN20604,0.20778282
INN11784,0.02873082
INN06503,0.0043582316
INN35007,0.07729151
INN09017,0.8732085
INN08363,0.5119327
INN00822,0.46541306
INN12995,0.48460335
INN05287,0.18366824
INN18872,0.874204
INN10610,0.8317436
INN07023,0.11409461
INN08758,0.47238186
INN05990,0.11746776
INN15192,0.0651868
INN24251,0.19723473
INN18599,0.1513347
INN16937,0.31604955
INN12245,0.69189113
INN10942,0.23645516
INN24630,0.015989576
INN30904,0.09708421
INN20286,0.56824094
INN06396,0.26719376
INN24411,0.265147
INN23901,0.1919166
INN26825,0.193869
INN08278,0.43651173
INN18369,0.29309458
INN29744,0.22722286
INN18531,0.08596056
INN29509,0.8885249
INN22381,0.015174391
INN21862,0.44180545
INN05122,0.46453467
INN08898,0.22766222
INN11680,0.11447204
INN05837,0.4841394
INN12548,0.37034404
INN30287,0.45819637
INN17342,0.0019677558
INN34323,0.73955154
INN08058,0.5717574
INN23004,0.009244762
INN33272,0.32692343
INN10466,0.38399407
INN31226,0.19383478
INN03595,0.43248343
INN08373,0.36805853
INN17883,0.7727943
INN10500,0.50476694
INN07529,0.09126279
INN20692,0.3556485
INN05788,0.63664246
INN27603,0.0028495505
INN18176,0.08953743
INN03862,0.50950927
INN00217,0.07206572
INN20679,0.7347681
INN22182,0.38860273
INN19834,0.65654796
INN23283,0.5017095
INN13821,0.32642427
INN08479,0.09901433
INN13923,0.6166849
INN13460,0.43150103
INN14881,0.23424631
INN28737,0.2687094
INN25011,0.103568
INN14021,0.008842013
INN14658,0.015342727
INN35654,0.1452151
INN10689,0.32090887
INN00776,0.5043295
INN07882,0.09408209
INN04963,0.06471442
INN06528,0.18031043
INN34644,0.38388455
INN28782,0.30369622
INN35441,0.21482845
INN30001,0.18682566
INN20452,0.17740794
INN01457,0.61401993
INN20150,0.1507521
INN00658,0.4383148
INN15748,0.5742736
INN03092,0.324705
INN08376,0.4150614
INN24845,0.39698473
INN17225,0.22023425
INN03456,0.13685098
INN35127,0.25612944
INN30186,0.2671165
INN09562,0.1402751
INN24680,0.033625875
INN09793,0.12869754
INN32077,0.39389297
INN28957,0.27005213
INN01724,0.4844614
INN27801,0.6338327
INN04690,0.014901821
INN27873,0.009761745
INN33853,0.393728
INN31709,0.26059073
INN05647,0.69435304
INN03786,0.4670972
INN25207,0.55244523
INN09104,0.007936707
INN12014,0.7269624
INN09061,0.4767936
INN20659,0.0012087018
INN35498,0.114188306
INN30856,0.2407982
INN03800,0.26062703
INN06858,0.7738721
INN26766,0.11484987
INN18921,0.5043295
INN18311,0.3250276
INN18524,0.65333396
INN35021,0.113547385
INN30148,0.32058346
INN16359,0.07287151
INN01901,0.30664226
INN21434,0.5058561
INN06049,0.5172435
INN14955,0.25189903
INN15014,0.17353931
INN18398,0.16196123
INN21682,0.27239597
INN28689,0.11577993
INN01230,0.0024999778
INN17024,0.40275568
INN02295,0.5972525
INN06129,0.31214902
INN05875,0.20103176
INN30217,0.011678685
INN15100,0.21917982
INN35339,0.11229032
INN08358,0.26247185
INN02237,0.0071557797
INN18761,0.04106652
INN31279,0.07318791
INN21267,0.394982
INN29541,0.61029583
INN01148,0.14216329
INN15299,0.5582632
INN08472,0.044022214
INN15674,0.40449363
INN32826,0.55321825
INN18336,0.09631547
INN08890,0.5630905
INN27585,0.75394034
INN15047,0.01001873
INN00574,0.22759685
INN33862,0.1855554
INN22645,0.4637408
INN29910,0.05221587
INN07782,0.4233943
INN04901,0.027030444
INN26265,0.24157849
INN30140,0.3446336
INN09732,0.62516296
INN03283,0.4274849
INN14980,0.50521463
INN02857,0.20602727
INN17278,0.4999099
INN22893,0.11156839
INN24693,0.2279544
INN10406,0.44180545
INN02768,0.77288514
INN29523,0.014803312
INN25061,0.46576053
INN08475,0.85199773
INN13558,0.3772471
INN00626,0.1868891
